--Teams
insert into teams values('Arsenal', 1886, 'Emirates Stadium', 'Stan Kroenke');
insert into teams values('AFC Bournemouth', 1899, 'Dean Court', 'Maxim Demin');
insert into teams values('Burnley', 1882, 'Turf Moor', 'Mike Garlick');
insert into teams values('Chelsea', 1905, 'Stamford Bridge', 'Roman Abramovich');

--Arsenal players
insert into players values('David Ospina', 13, 'Arsenal', 'Colombia', 'GoalKeeper');
insert into players values('Petr Cech', 33, 'Arsenal', 'Czech Republic', 'GoalKeeper');
insert into players values('Emiliano Martinez', 26, 'Arsenal', 'Argentina', 'GoalKeeper');
insert into players values('Mathieu Debuchy', 2, 'Arsenal', 'France', 'Defender');
insert into players values('Kieran Gibbs', 3, 'Arsenal', 'England', 'Defender');
insert into players values('Per Mertesacker', 4, 'Arsenal', 'Germany', 'Defender');
insert into players values('Gabriel', 5, 'Arsenal', 'Brazil', 'Defender');
insert into players values('Laurent Koscielny', 6, 'Arsenal', 'France', 'Defender');
insert into players values('Nacho Monreal', 18, 'Arsenal', 'Spain', 'Defender');
insert into players values('Hector Bellerin', 24, 'Arsenal', 'Spain', 'Defender');
insert into players values('Carl Jenkinson', 25, 'Arsenal', 'England', 'Defender');
insert into players values('Rob Holding', 16, 'Arsenal', 'England', 'Defender');
insert into players values('Shkodran Mustafi', 20, 'Arsenal', 'Germany', 'Defender');
insert into players values('Mesut Ozil', 11, 'Arsenal', 'Germany', 'Midfielder');
insert into players values('Alex Oxlade-Chamberlain', 15, 'Arsenal', 'England', 'Midfielder' );
insert into players values('Aaron Ramsey', 8, 'Arsenal', 'Wales', 'Midfielder');
insert into players values('Santiago Cazorla', 19, 'Arsenal', 'Spain', 'Midfielder');
insert into players values('Francis Coquelin', 34, 'Arsenal', 'France', 'Midfielder');
insert into players values('Mohamed Elneny', 35, 'Arsenal', 'Egypt', 'Midfielder');
insert into players values('Alex Iwobi', 17, 'Arsenal', 'Nigeria', 'Midfielder');
insert into players values('Granit Xhaka', 29, 'Arsenal', 'Switzerland', 'Midfielder');
insert into players values('Jeff Riene-Adelaide', 31, 'Arsenal', 'France', 'Midfielder');
insert into players values('Ben Sheaf', 65, 'Arsenal', 'England', 'Midfielder');
insert into players values('Chris Willock', 68, 'Arsenal', 'England', 'Midfielder');
insert into players values('Ainsley Maitland-Niles', 55, 'Arsenal', 'England', 'Midfielder');
insert into players values('Olivier Giroud', 12, 'Arsenal', 'France', 'Forward');
insert into players values('Theo Walcott', 14, 'Arsenal', 'England', 'Forward');
insert into players values('Alexis Sanchez', 7, 'Arsenal', 'Chile', 'Forward');
insert into players values('Yaya Sanogo', 22, 'Arsenal', 'France', 'Forward');
insert into players values('Danny Welbeck', 23, 'Arsenal', 'England', 'Forward');
insert into players values('Takuma Asano', 0, 'Arsenal', 'Japan', 'Forward');
insert into players values('Lucas Perez', 9, 'Arsenal', 'Spain', 'Forward');
insert into players values('Josh Da Silva', 41, 'Arsenal', 'England', 'Forward');

--  AFC Bournemouth
insert into players values('Adam Federici', 23, 'AFC Bournemouth', 'Australia', 'GoalKeeper');
insert into players values('Artur Boruc', 1, 'AFC Bournemouth', 'Poland', 'GoalKeeper');
insert into players values('Ryan Allsop', 21, 'AFC Bournemouth', 'England', 'GoalKeeper');
insert into players values('Simon Francis', 2, 'AFC Bournemouth', 'England', 'Defender');
insert into players values('Steve Cook', 3, 'AFC Bournemouth', 'England', 'Defender');
insert into players values('Charlie Daniels', 3, 'AFC Bournemouth', 'England', 'Defender');
insert into players values('Tyrone Mings', 26, 'AFC Bournemouth', 'England', 'Defender');
insert into players values('Adam Smith', 15, 'AFC Bournemouth', 'England', 'Defender');
insert into players values('Brad Smith', 14, 'AFC Bournemouth', 'Australia', 'Defender');
insert into players values('Corey Jordan', 37, 'AFC Bournemouth', 'England', 'Defender');
insert into players values('Ollie Harfield', 40, 'AFC Bournemouth', 'England', 'Defender');
insert into players values('Jack Simpson', 42, 'AFC Bournemouth', 'England', 'Defender');
insert into players values('Baily Cargill', 30, 'AFC Bournemouth', 'England', 'Defender');
insert into players values('Dan Gosling', 4, 'AFC Bournemouth', 'England', 'Midfielder');
insert into players values('Andrew Surman', 6, 'AFC Bournemouth', 'England', 'Midfielder');
insert into players values('Marc Pugh', 7, 'AFC Bournemouth', 'England', 'Midfielder');
insert into players values('Harry Arter', 8, 'AFC Bournemouth', 'Ireland', 'Midfielder');
insert into players values('Junior Stanislas', 19, 'AFC Bournemouth', 'England', 'Midfielder');
insert into players values('Lewis Cook', 18, 'AFC Bournemouth', 'England', 'Midfielder');
insert into players values('Jordan Ibe', 33, 'AFC Bournemouth', 'England', 'Midfielder');
insert into players values('Ryan Fraser', 24, 'AFC Bournemouth', 'Scotland', 'Midfielder');
insert into players values('Jack Wilshere', 32, 'AFC Bournemouth', 'England', 'Midfielder');
insert into players values('Keelan O''Connell', 52, 'AFC Bournemouth', 'England', 'Midfielder' );
insert into players values('Max Gradel', 10, 'AFC Bournemouth', 'Cote D''Ivoire', 'Forward');
insert into players values('Callum Wilson', 13, 'AFC Bournemouth', 'England', 'Forward');
insert into players values('Joshua King', 17, 'AFC Bournemouth', 'Norway', 'Forward');
insert into players values('Benik Afobe', 9, 'AFC Bournemouth', 'Congo', 'Forward');
insert into players values('Lys Mousset', 31, 'AFC Bournemouth', 'France', 'Forward');

--Burnley players
insert into players values('Tom Heaton', 1, 'Burnley', 'England', 'GoalKeeper');
insert into players values('Paul Robinson', 17, 'Burnley', 'England', 'GoalKeeper');
insert into players values('Nick Pope', 29, 'Burnley', 'England', 'GoalKeeper');
insert into players values('Matthew Lowton', 2, 'Burnley', 'England', 'Defender');
insert into players values('Ben Mee', 6, 'Burnley', 'England', 'Defender');
insert into players values('Stephen Ward', 23, 'Burnley', 'Ireland', 'Defender');
insert into players values('James Tarkowski', 26, 'Burnley', 'England', 'Defender');
insert into players values('Tendayi Darikwa', 27, 'Burnley', 'England', 'Defender');
insert into players values('Jon Flanagan', 4, 'Burnley', 'England', 'Defender');
insert into players values('Kevin Long', 28, 'Burnley', 'Ireland', 'Defender');
insert into players values('Michael Keane', 5, 'Burnley', 'England', 'Defender');
insert into players values('Dean Marney', 8, 'Burnley', 'England', 'Defender');
insert into players values('George Boyd', 21, 'Burnley', 'Scotland', 'Midfielder');
insert into players values('Scott Arfield', 37, 'Burnley', 'Canada', 'Midfielder');
insert into players values('Johann Berg Gudmundsson', 25, 'Burnley', 'Iceland', 'Midfielder');
insert into players values('Steven Defour', 16, 'Burnley', 'Belgium', 'Midfielder');
insert into players values('Jeff Hendrick', 13, 'Burnley', 'Ireland', 'Midfielder');
insert into players values('Joey Barton', 19, 'Burnley', 'England', 'Midfielder');
insert into players values('Robbie Brady', 12, 'Burnley', 'Ireland', 'Midfielder');
insert into players values('Ashley Westwood', 18, 'Burnley', 'England', 'Midfielder');
insert into players values('Andre Gray', 7, 'Burnley', 'England', 'Midfielder');
insert into players values('Sam Vokes', 9, 'Burnley', 'Wales', 'Midfielder');
insert into players values('Ashley Barnes', 10, 'Burnley', 'Austria', 'Midfielder');
insert into players values('Daniel Agyei', 32, 'Burnley', 'England', 'Midfielder');

--Chelsea players
insert into players values('Asmir Begovic', 1, 'Chelsea', 'Bosnia and Herzegovina', 'GoalKeeper');
insert into players values('Thibaut Courtois', 13, 'Chelsea', 'Belgium', 'GoalKeeper');
insert into players values('Eduardo', 37, 'Chelsea', 'Portugal', 'GoalKeeper');
insert into players values('Kurt Zouma', 5, 'Chelsea', 'France', 'Defender');
insert into players values('Gary Cahill', 24, 'Chelsea', 'England', 'Defender');
insert into players values('John Terry', 26, 'Chelsea', 'England', 'Defender');
insert into players values('Cesar Azpilicueta', 28, 'Chelsea', 'Spain', 'Defender');
insert into players values('Ola Aina', 34, 'Chelsea', 'England', 'Defender');
insert into players values('Marcos Alonso', 3, 'Chelsea', 'Spain', 'Defender');
insert into players values('David Luiz', 30, 'Chelsea', 'Brazil', 'Defender');
insert into players values('Nathan Ake', 6, 'Chelsea', 'Netherlands', 'Defender');
insert into player values('Cesc Fabergas', 4, 'Chelsea', 'Spain', 'Midfielder');
insert into player values('Eden Hazard', 10, 'Chelsea', 'Belgium', 'Midfielder');
insert into player values('Nemanja Matic', 21, 'Chelsea', 'Serbia', 'Midfielder');
insert into players values('William', 22, 'Chelsea', 'Brazil', 'Midfielder');
insert into players values('Ruben Loftus-Cheek', 14, 'Chelsea', 'England', 'Midfielder');
insert into players values('Victor Moses', 15, 'Chelsea', 'Nigeria', 'Midfielder');
insert into players values('N''Golo Kante', 7, 'Chelsea', 'France', 'Midfielder');
insert into players values('Nathaniel Chalobah', 29, 'Chelsea', 'England', 'Midfielder');
insert into players values('Pedro', 11, 'Chelsea', 'Spain', 'Forward');
insert into players values('Diego Costa', 19, 'Chelsea', 'Spain', 'Forward');
insert into players values('Michy Batshuayi', 23, 'Chelsea', 'Belgium', 'Forward');
insert into players values('Dominic Solanke', 41, 'Chelsea', 'England', 'Forward');
insert into players values('Kenedy', 0, 'Chelsea', 'Brazil', 'Forward');
